"Method","tau","n","p","seed","num_bin","beta0","beta1","beta2","time"
"Average of linear quantiles",0.9,10000,2,1,NA,3.22456203960876,-1.64810705213531,-0.331736257703697,0.423999999999999
"Average of linear quantiles",0.9,10000,2,10,NA,3.31433833107038,0.0659998487064719,-3.11479194567562,0.458000000000002
"Average of linear quantiles",0.9,10000,2,100,NA,2.9644055083611,-3.5232506158353,-2.49812063715753,0.466999999999999
"Average of linear quantiles",0.9,10000,2,101,NA,2.31236276478031,-1.8956036681684,0.136668030207358,0.416
"Average of linear quantiles",0.9,10000,2,102,NA,3.73501396819385,-2.71173498132555,-1.78056913680058,0.408999999999999
"Average of linear quantiles",0.9,10000,2,103,NA,2.94715539329823,-3.07155709274382,-2.42213531709279,0.468999999999999
"Average of linear quantiles",0.9,10000,2,104,NA,3.96630135208108,-4.11850789584627,-1.52620897049163,0.423999999999999
"Average of linear quantiles",0.9,10000,2,105,NA,1.54057595028672,-2.29129119413337,-0.219420877110704,0.404
"Average of linear quantiles",0.9,10000,2,106,NA,3.01803132823432,-5.55567205713219,-2.03939784269174,0.41
"Average of linear quantiles",0.9,10000,2,107,NA,3.87559363614865,-4.00641901156629,-1.60188506492205,0.401
"Average of linear quantiles",0.9,10000,2,108,NA,3.03241167768705,1.09948039528073,-0.461661203318392,0.451000000000001
"Average of linear quantiles",0.9,10000,2,109,NA,0.925497190062096,-5.67305430874012,-0.187003618618584,0.433999999999997
"Average of linear quantiles",0.9,10000,2,11,NA,2.66758497992805,-1.94462541125327,-0.953220571181353,0.391000000000002
"Average of linear quantiles",0.9,10000,2,110,NA,3.51112264609723,-2.56954407221516,-2.45470203849548,0.404999999999999
"Average of linear quantiles",0.9,10000,2,111,NA,2.57270475789295,-4.45750285543937,-1.35242879565126,0.459999999999999
"Average of linear quantiles",0.9,10000,2,112,NA,4.16114797092706,1.72907279746327,-1.6598780498096,0.414999999999999
"Average of linear quantiles",0.9,10000,2,113,NA,3.34356103229824,-3.18233805058474,-4.05382802798196,0.404
"Average of linear quantiles",0.9,10000,2,114,NA,2.62045778373711,0.196238106233059,-2.28651609978767,0.392000000000001
"Average of linear quantiles",0.9,10000,2,115,NA,1.92861127408406,-1.78543678145092,-0.425604086615421,0.452000000000002
"Average of linear quantiles",0.9,10000,2,116,NA,3.19718046413245,-1.17796507506055,-1.66796886168018,0.321
"Average of linear quantiles",0.9,10000,2,117,NA,3.78546340847551,-1.13375746063707,-1.4373860841866,0.443000000000001
"Average of linear quantiles",0.9,10000,2,118,NA,2.58836018726383,-1.85874216408385,-2.69776708641498,0.43
"Average of linear quantiles",0.9,10000,2,119,NA,5.17114317199085,-1.29469793168212,-2.00627277533478,0.446000000000002
"Average of linear quantiles",0.9,10000,2,12,NA,1.24430699026904,-1.00605971870424,1.33093615042347,0.408000000000001
"Average of linear quantiles",0.9,10000,2,120,NA,2.62532131351723,0.200161606920915,0.579743914461121,0.479000000000003
"Average of linear quantiles",0.9,10000,2,121,NA,3.52741259243157,-3.90936475284117,-2.72422523290461,0.494
"Average of linear quantiles",0.9,10000,2,122,NA,4.77128661406505,0.456329152338766,-3.14549363004558,0.452000000000002
"Average of linear quantiles",0.9,10000,2,123,NA,3.33176099209416,-3.52912426361535,-1.84504860105082,0.394
"Average of linear quantiles",0.9,10000,2,124,NA,3.08775848437053,-4.72729167005572,-4.79035722705331,0.422000000000001
"Average of linear quantiles",0.9,10000,2,125,NA,4.12162484652519,-2.896541249414,-1.78705743179144,0.452000000000002
"Average of linear quantiles",0.9,10000,2,126,NA,5.04349359761209,-0.271538009402319,-1.28314637346194,0.434000000000001
"Average of linear quantiles",0.9,10000,2,127,NA,2.70301106196775,-0.452867162369266,0.792231584846579,0.433
"Average of linear quantiles",0.9,10000,2,128,NA,3.59778745116774,-5.3552125330184,-2.34751855506707,0.428000000000001
"Average of linear quantiles",0.9,10000,2,129,NA,1.55726013843144,-5.61113902043634,-0.291850947069582,0.401
"Average of linear quantiles",0.9,10000,2,13,NA,2.42190193980633,-0.978295656194238,-0.946792714525406,0.432000000000002
"Average of linear quantiles",0.9,10000,2,130,NA,3.97913881206289,-2.82347746495812,-3.07891000744582,0.407999999999999
"Average of linear quantiles",0.9,10000,2,131,NA,2.58710122501929,-2.94708115427847,-3.19990554709069,0.444000000000001
"Average of linear quantiles",0.9,10000,2,132,NA,3.23952910745246,0.543878643881587,-0.425447568069978,0.429
"Average of linear quantiles",0.9,10000,2,133,NA,2.67634583730744,-4.00241514424823,2.61777931887284,0.435000000000002
"Average of linear quantiles",0.9,10000,2,134,NA,2.31735058909859,-4.59286390155888,-0.181965742917852,0.388999999999999
"Average of linear quantiles",0.9,10000,2,135,NA,2.51839894666832,-0.326665487370336,-2.0019358266002,0.442
"Average of linear quantiles",0.9,10000,2,136,NA,3.76854260427812,-2.35634685585027,0.716774166301172,0.406000000000001
"Average of linear quantiles",0.9,10000,2,137,NA,4.17678083618428,-0.164303781003435,0.343358842933211,0.449
"Average of linear quantiles",0.9,10000,2,138,NA,1.71366311755211,-6.86497625501427,-0.566969549965411,0.437999999999999
"Average of linear quantiles",0.9,10000,2,139,NA,1.83043658672651,-3.81344241572677,-3.49970102181854,0.379999999999999
"Average of linear quantiles",0.9,10000,2,14,NA,1.7691364896239,-0.758980645964689,-0.372247141825594,0.43
"Average of linear quantiles",0.9,10000,2,140,NA,4.71781062406583,-0.115778478988556,-3.31503334922955,0.448
"Average of linear quantiles",0.9,10000,2,141,NA,1.64262713332054,1.96521809700184,-0.682781990835477,0.468
"Average of linear quantiles",0.9,10000,2,142,NA,4.78174979855162,-2.29913393496516,-1.93725914018042,0.41
"Average of linear quantiles",0.9,10000,2,143,NA,3.05292932406363,4.97475853414539,0.470638846729952,0.444000000000001
"Average of linear quantiles",0.9,10000,2,144,NA,0.490369201598268,-4.13434378507984,-2.14435629439918,0.404999999999999
"Average of linear quantiles",0.9,10000,2,145,NA,4.14147123807721,-0.00865887063694282,-0.93060904970524,0.442
"Average of linear quantiles",0.9,10000,2,146,NA,2.18595837679495,-0.381168136223762,-1.05807675794351,0.416
"Average of linear quantiles",0.9,10000,2,147,NA,4.12516422311224,-0.685323296415871,1.24753785445594,0.452999999999999
"Average of linear quantiles",0.9,10000,2,148,NA,1.43011162809671,-3.53825170855344,1.36284008652642,0.440999999999999
"Average of linear quantiles",0.9,10000,2,149,NA,4.8459039391669,-3.82516961400958,1.34219174981493,0.388
"Average of linear quantiles",0.9,10000,2,15,NA,3.61614322075059,-1.56953322464513,-1.13638631586571,0.433
"Average of linear quantiles",0.9,10000,2,150,NA,3.34914703014671,-5.47077213142981,-2.43475021170165,0.399000000000001
"Average of linear quantiles",0.9,10000,2,151,NA,3.49763239833073,-6.70530715989155,-0.586671974155338,0.392999999999999
"Average of linear quantiles",0.9,10000,2,152,NA,4.08612343185604,-3.22346270083124,-0.811215048646384,0.408999999999999
"Average of linear quantiles",0.9,10000,2,153,NA,2.69414231516914,-1.39385709449422,1.01296471740994,0.373000000000001
"Average of linear quantiles",0.9,10000,2,154,NA,2.73746954427379,-0.811009333324804,-2.49611361914556,0.452999999999999
"Average of linear quantiles",0.9,10000,2,155,NA,4.09145905098653,-0.560817934996608,-0.668436414833242,0.446999999999999
"Average of linear quantiles",0.9,10000,2,156,NA,4.20395094967884,-5.73232055798418,-1.65442458940343,0.394
"Average of linear quantiles",0.9,10000,2,157,NA,2.33001727445407,-1.24150708688442,-0.135901947670026,0.401
"Average of linear quantiles",0.9,10000,2,158,NA,3.65556717368044,-4.27654997793311,-0.990902783693954,0.477
"Average of linear quantiles",0.9,10000,2,159,NA,2.84213373177655,2.29502985823836,-2.35722207706942,0.432000000000002
"Average of linear quantiles",0.9,10000,2,16,NA,2.61431321546958,-4.66459194191577,-1.25698974271224,0.407999999999998
"Average of linear quantiles",0.9,10000,2,160,NA,2.3705587151248,-1.90309988440564,-0.547686855445732,0.43
"Average of linear quantiles",0.9,10000,2,161,NA,3.67924080392121,-3.88878897875636,0.525924669680359,0.442999999999998
"Average of linear quantiles",0.9,10000,2,162,NA,1.53652086795343,1.28736309853058,-0.782324048681498,0.469000000000001
"Average of linear quantiles",0.9,10000,2,163,NA,3.72783422084088,-2.00683554637861,-3.95058967056308,0.382
"Average of linear quantiles",0.9,10000,2,164,NA,2.77787190182406,-0.0864151665792132,-0.920149991170692,0.426
"Average of linear quantiles",0.9,10000,2,165,NA,3.21972769152838,-2.63803654601708,-3.50323531080901,0.443000000000001
"Average of linear quantiles",0.9,10000,2,166,NA,0.681286016245492,-4.88128950776077,0.492377295346868,0.429
"Average of linear quantiles",0.9,10000,2,167,NA,3.25745116756843,-7.27466797676498,-3.18843377341492,0.426000000000002
"Average of linear quantiles",0.9,10000,2,168,NA,4.0380046876375,-3.60216567675614,-2.42127904477636,0.441000000000001
"Average of linear quantiles",0.9,10000,2,169,NA,0.998472469938782,-1.37390786257023,-2.78323685420697,0.419
"Average of linear quantiles",0.9,10000,2,17,NA,2.84385463836577,-2.93282185323509,0.333350276076493,0.454999999999998
"Average of linear quantiles",0.9,10000,2,170,NA,3.21393180264292,-4.95557508316936,-0.287387922478635,0.369000000000002
"Average of linear quantiles",0.9,10000,2,171,NA,3.9609924679171,0.568973811380625,-2.49740819592782,0.421000000000001
"Average of linear quantiles",0.9,10000,2,172,NA,3.38455239613608,3.82458290834227,-5.06423844240844,0.441999999999998
"Average of linear quantiles",0.9,10000,2,173,NA,2.26710622962045,1.62099986484905,-0.217039494966411,0.440000000000001
"Average of linear quantiles",0.9,10000,2,174,NA,3.03851556609741,-4.67254794258721,-2.02194717165563,0.472000000000001
"Average of linear quantiles",0.9,10000,2,175,NA,1.89325897874387,-0.0818584892258607,-3.1939893283513,0.404
"Average of linear quantiles",0.9,10000,2,176,NA,1.41047405904872,-0.628642890466004,0.180899857976681,0.426
"Average of linear quantiles",0.9,10000,2,177,NA,2.62047088781375,-4.01421069790161,-2.20289030547731,0.402999999999999
"Average of linear quantiles",0.9,10000,2,178,NA,2.48794582473857,-0.577172737753118,-2.23726515005741,0.477999999999998
"Average of linear quantiles",0.9,10000,2,179,NA,4.34124182421925,-0.703087529258668,2.58099039145486,0.452999999999999
"Average of linear quantiles",0.9,10000,2,18,NA,3.40716159238305,1.09440913678048,-1.15122194647283,0.445
"Average of linear quantiles",0.9,10000,2,180,NA,2.9692358918555,0.350742194263266,-0.964371383067546,0.431000000000001
"Average of linear quantiles",0.9,10000,2,181,NA,3.48909301050827,-2.8484597169336,-0.780562119464527,0.449999999999999
"Average of linear quantiles",0.9,10000,2,182,NA,3.54521499340986,-6.71524475267763,0.380646111958983,0.445
"Average of linear quantiles",0.9,10000,2,183,NA,3.76159682086826,-5.27183954332044,0.38486259350059,0.453999999999999
"Average of linear quantiles",0.9,10000,2,184,NA,4.02558319209046,-2.19769705184373,1.04161055621247,0.457000000000001
"Average of linear quantiles",0.9,10000,2,185,NA,3.87668245158846,-0.940955138809433,-3.13247071264044,0.437999999999999
"Average of linear quantiles",0.9,10000,2,186,NA,3.87092693746377,0.0536499132217316,-3.37760350119809,0.404
"Average of linear quantiles",0.9,10000,2,187,NA,5.02501501116422,-1.16308366467094,-2.16367067704957,0.432
"Average of linear quantiles",0.9,10000,2,188,NA,2.22099658782184,-5.95625055743376,-2.14136773592436,0.391999999999999
"Average of linear quantiles",0.9,10000,2,189,NA,1.88105178285517,-1.82099144131694,1.65946376933717,0.411999999999999
"Average of linear quantiles",0.9,10000,2,19,NA,2.16445178370619,-1.77993595927994,-0.482524205431375,0.523000000000003
"Average of linear quantiles",0.9,10000,2,190,NA,3.61454527291308,-2.99757522792285,-0.966638537447328,0.437999999999999
"Average of linear quantiles",0.9,10000,2,191,NA,4.63992809666077,-0.762586870008437,-1.71714520662775,0.381
"Average of linear quantiles",0.9,10000,2,192,NA,1.63465241450305,-1.2219238710043,0.429715052135506,0.423000000000002
"Average of linear quantiles",0.9,10000,2,193,NA,2.71117999298462,-1.78530692897683,-0.674534911375871,0.394
"Average of linear quantiles",0.9,10000,2,194,NA,2.52302943165427,0.964269781581945,-1.0716020906874,0.415999999999999
"Average of linear quantiles",0.9,10000,2,195,NA,3.95223278608516,-2.05014287054444,-4.01042402216946,0.389999999999999
"Average of linear quantiles",0.9,10000,2,196,NA,3.34971775227065,-0.209452151684196,0.277186978213652,0.401999999999999
"Average of linear quantiles",0.9,10000,2,197,NA,2.12349898097144,-4.57241082773584,-0.0748026272749223,0.442
"Average of linear quantiles",0.9,10000,2,198,NA,3.63825891621526,-6.28867578268847,-4.66899333850594,0.370000000000001
"Average of linear quantiles",0.9,10000,2,199,NA,3.3770118008873,-3.72768893331676,0.184515689795286,0.445
"Average of linear quantiles",0.9,10000,2,2,NA,3.75836375578033,-0.104141591086143,0.463477090230831,0.456999999999999
"Average of linear quantiles",0.9,10000,2,20,NA,3.85488618510747,-2.06004608804983,-2.93836942209003,0.444999999999997
"Average of linear quantiles",0.9,10000,2,200,NA,3.12164665308306,-4.68165689521697,-0.697001209523343,0.407999999999999
"Average of linear quantiles",0.9,10000,2,201,NA,2.97884118342665,-2.22396408598635,-0.97246420564744,0.438000000000001
"Average of linear quantiles",0.9,10000,2,202,NA,2.39970560814243,-4.37303839117535,2.18750505661643,0.427
"Average of linear quantiles",0.9,10000,2,203,NA,3.49504968249747,1.63653779375903,-2.13382213174191,0.434999999999999
"Average of linear quantiles",0.9,10000,2,204,NA,3.2664703946092,-5.58463738306286,-1.31024905481116,0.417000000000002
"Average of linear quantiles",0.9,10000,2,205,NA,2.69641809247331,-0.0421156265048097,0.113760798565657,0.452000000000002
"Average of linear quantiles",0.9,10000,2,206,NA,3.40422626791514,-2.01483891699292,-2.23255254572892,0.393000000000001
"Average of linear quantiles",0.9,10000,2,207,NA,5.48881098999727,-1.44724029254384,-2.68645469590146,0.385
"Average of linear quantiles",0.9,10000,2,208,NA,3.44062426115438,-3.53896168204103,-1.10062159488409,0.388999999999999
"Average of linear quantiles",0.9,10000,2,209,NA,2.92401829871539,0.711600064325799,1.18081049438814,0.388999999999999
"Average of linear quantiles",0.9,10000,2,21,NA,2.64073981825692,-0.449950312186914,-3.67510230370976,0.453999999999999
"Average of linear quantiles",0.9,10000,2,210,NA,1.99555670759595,-2.06875110786331,-0.69032966341225,0.428999999999998
"Average of linear quantiles",0.9,10000,2,211,NA,2.79620642732187,0.321480377581994,-0.653547918319892,0.417999999999999
"Average of linear quantiles",0.9,10000,2,212,NA,3.64557143961497,-3.79304471001675,0.767930611006776,0.423
"Average of linear quantiles",0.9,10000,2,213,NA,2.80922667767407,-2.60710647259294,-3.71204839698143,0.388999999999999
"Average of linear quantiles",0.9,10000,2,214,NA,3.48190055519871,-0.692112383437319,0.248273855930006,0.443999999999999
"Average of linear quantiles",0.9,10000,2,215,NA,2.52106459157823,-1.96729250117493,-1.97912326345153,0.451999999999998
"Average of linear quantiles",0.9,10000,2,216,NA,3.56897548301692,-3.14941117278273,-4.56916179252647,0.437000000000001
"Average of linear quantiles",0.9,10000,2,217,NA,3.6126586202085,-1.05894501421768,-2.59563157586644,0.454000000000001
"Average of linear quantiles",0.9,10000,2,218,NA,3.18692381593576,-5.00952737874941,1.18233467701427,0.477999999999998
"Average of linear quantiles",0.9,10000,2,219,NA,1.96532882464667,-1.88636107964139,-2.96440671821587,0.488999999999999
"Average of linear quantiles",0.9,10000,2,22,NA,2.73297862760194,-4.66107153735568,-0.841141557257823,0.435000000000002
"Average of linear quantiles",0.9,10000,2,220,NA,2.17003906006517,2.00808634876487,-3.35881628000455,0.382
"Average of linear quantiles",0.9,10000,2,221,NA,3.69991055884856,1.3893706596501,1.48788697608447,0.392999999999999
"Average of linear quantiles",0.9,10000,2,222,NA,3.88680300419088,-0.833911087568001,-2.92199663990805,0.393000000000001
"Average of linear quantiles",0.9,10000,2,223,NA,4.33471681637433,-3.36666689708785,-1.72921811872567,0.442
"Average of linear quantiles",0.9,10000,2,224,NA,4.34306899865301,0.275211095121285,-1.60525775636112,0.454000000000001
"Average of linear quantiles",0.9,10000,2,225,NA,1.65972419209897,-4.05694503820128,-1.73645965581749,0.440999999999999
"Average of linear quantiles",0.9,10000,2,226,NA,2.38504882234489,1.95975058382506,-3.20134228792783,0.462
"Average of linear quantiles",0.9,10000,2,227,NA,3.73142482433421,-5.11344484466186,-0.764808750818953,0.43
"Average of linear quantiles",0.9,10000,2,228,NA,3.65520711496669,1.09739727851665,-0.990698125890554,0.421000000000001
"Average of linear quantiles",0.9,10000,2,229,NA,3.42988850182591,-1.19330256738419,0.920453377500968,0.388000000000002
"Average of linear quantiles",0.9,10000,2,23,NA,3.91009141632914,-0.965921212006995,-2.67912567680704,0.442
"Average of linear quantiles",0.9,10000,2,230,NA,0.663358697903401,-4.1871181850698,-0.565235299347966,0.401000000000002
"Average of linear quantiles",0.9,10000,2,231,NA,2.71647142809364,-3.76890984252911,-0.31377966782329,0.413
"Average of linear quantiles",0.9,10000,2,232,NA,3.2913577794084,-3.67760018759446,-2.50477045373863,0.408999999999999
"Average of linear quantiles",0.9,10000,2,233,NA,2.30811017724699,-1.85740730425221,0.448858853181223,0.428000000000001
"Average of linear quantiles",0.9,10000,2,234,NA,2.56872869152176,-1.93547170949224,-1.46107904591356,0.413999999999998
"Average of linear quantiles",0.9,10000,2,235,NA,2.69891702315764,-0.064948384957453,-0.17048179125473,0.414000000000001
"Average of linear quantiles",0.9,10000,2,236,NA,5.35475795171258,-3.15211328618668,0.612942025313065,0.387
"Average of linear quantiles",0.9,10000,2,237,NA,4.20026664265752,-3.18405255452797,-1.88234542882248,0.491
"Average of linear quantiles",0.9,10000,2,238,NA,1.97603227628294,-3.01865668592758,-1.69778455888592,0.501000000000001
"Average of linear quantiles",0.9,10000,2,239,NA,4.00791093812561,-4.66420178814734,-2.81909424126131,0.372999999999998
"Average of linear quantiles",0.9,10000,2,24,NA,1.73886632206989,-4.1539494416199,-2.14359582103312,0.436999999999999
"Average of linear quantiles",0.9,10000,2,240,NA,3.23316758097585,0.273983250507509,-4.27552774994779,0.463000000000001
"Average of linear quantiles",0.9,10000,2,241,NA,2.20369756412683,2.52507564025831,0.87730277308965,0.458000000000002
"Average of linear quantiles",0.9,10000,2,242,NA,3.45250137581282,-2.47813044380031,-3.76708583261124,0.408000000000001
"Average of linear quantiles",0.9,10000,2,243,NA,1.53397254404765,-1.3733219376079,-0.635667215986799,0.451000000000001
"Average of linear quantiles",0.9,10000,2,244,NA,4.39157956805864,-1.57566903918134,-1.54666383845417,0.431999999999999
"Average of linear quantiles",0.9,10000,2,245,NA,3.56054741976689,-2.84063568453394,-2.08228309479915,0.407
"Average of linear quantiles",0.9,10000,2,246,NA,2.33930276642287,0.0101678107423258,-3.36315575495827,0.447000000000003
"Average of linear quantiles",0.9,10000,2,247,NA,2.55743743228237,0.390971858686343,-0.576566667097691,0.43
"Average of linear quantiles",0.9,10000,2,248,NA,2.30629971472482,-2.50349137766369,-2.86021283001191,0.411000000000001
"Average of linear quantiles",0.9,10000,2,249,NA,3.05284714483616,-5.58079238856047,-2.08633155314539,0.384
"Average of linear quantiles",0.9,10000,2,25,NA,2.33269725856846,-3.35211488500133,0.360265749728757,0.395
"Average of linear quantiles",0.9,10000,2,250,NA,3.21992193159647,-4.11528749534649,0.0125671306390376,0.400000000000002
"Average of linear quantiles",0.9,10000,2,251,NA,2.0717029208003,-1.01456244796112,-0.604282940709631,0.441000000000003
"Average of linear quantiles",0.9,10000,2,252,NA,1.13877158195647,-3.43143654453686,-2.43195093227489,0.423000000000002
"Average of linear quantiles",0.9,10000,2,253,NA,4.9334559794133,2.25921885222342,-2.49464674418493,0.43
"Average of linear quantiles",0.9,10000,2,254,NA,2.90301860893021,-3.09463945600227,-2.81667038406865,0.433
"Average of linear quantiles",0.9,10000,2,255,NA,2.13708037820859,-0.204348020901497,-2.05587130701937,0.431000000000001
"Average of linear quantiles",0.9,10000,2,256,NA,4.40006891284086,-5.45911750633686,-0.870426232009145,0.399999999999999
"Average of linear quantiles",0.9,10000,2,257,NA,3.56650870562363,-2.4910732655052,-1.56693142597196,0.404999999999998
"Average of linear quantiles",0.9,10000,2,258,NA,3.03220780079782,-2.18750084047283,0.138222070078176,0.362000000000002
"Average of linear quantiles",0.9,10000,2,259,NA,3.08713788814871,-3.6976970390809,0.586539538592847,0.417
"Average of linear quantiles",0.9,10000,2,26,NA,4.78830666341719,-4.30215286510511,-3.46970717122475,0.452000000000002
"Average of linear quantiles",0.9,10000,2,260,NA,2.19922058719751,-3.73404299696192,0.0593052359195982,0.434999999999999
"Average of linear quantiles",0.9,10000,2,261,NA,4.92466672331211,-0.592536294845887,-2.63514186165969,0.403
"Average of linear quantiles",0.9,10000,2,262,NA,3.05779960340472,-0.0442940064500466,-0.142124840455802,0.577999999999999
"Average of linear quantiles",0.9,10000,2,263,NA,2.1801803296575,-3.42735673952268,1.97074735181771,0.460999999999999
"Average of linear quantiles",0.9,10000,2,264,NA,1.86310723144954,-0.19522565531039,0.490148807262011,0.434000000000001
"Average of linear quantiles",0.9,10000,2,265,NA,2.8176371796838,0.294098997544373,-0.141435561573932,0.439
"Average of linear quantiles",0.9,10000,2,266,NA,2.53458060595005,1.70031149292381,-1.1531253281259,0.446
"Average of linear quantiles",0.9,10000,2,267,NA,3.52055975541245,1.22350646881762,-2.10079621352943,0.385
"Average of linear quantiles",0.9,10000,2,268,NA,4.20692106851951,-0.546121253759668,-5.83652528496816,0.443999999999999
"Average of linear quantiles",0.9,10000,2,269,NA,3.00588197200758,-1.73398103319302,-2.31663132276233,0.444999999999999
"Average of linear quantiles",0.9,10000,2,27,NA,4.14196939249004,4.034430933528,-1.33890935394555,0.407
"Average of linear quantiles",0.9,10000,2,270,NA,2.81204036184671,2.21740518759127,-3.60472779445965,0.41
"Average of linear quantiles",0.9,10000,2,271,NA,3.3903142982794,-4.92656051397893,-0.131662669810376,0.449999999999999
"Average of linear quantiles",0.9,10000,2,272,NA,2.12783769567591,-1.99161918077389,-0.486357856935842,0.395000000000001
"Average of linear quantiles",0.9,10000,2,273,NA,2.68720399597162,-1.53329585960188,-1.53220761293473,0.484999999999999
"Average of linear quantiles",0.9,10000,2,274,NA,2.658951722626,-2.59934271402913,-3.11398052022697,0.442
"Average of linear quantiles",0.9,10000,2,275,NA,3.32163745767767,-5.4305899065541,-1.66955145792631,0.387
"Average of linear quantiles",0.9,10000,2,276,NA,3.06597119912281,-1.58591466358139,-0.370731046839987,0.413
"Average of linear quantiles",0.9,10000,2,277,NA,3.38197921644401,4.9620657624572,-1.52908926186005,0.436
"Average of linear quantiles",0.9,10000,2,278,NA,3.63265856483489,-3.62594417525227,0.767993759255914,0.443000000000001
"Average of linear quantiles",0.9,10000,2,279,NA,2.15811038705384,-3.85899720117442,1.25763019473449,0.411999999999999
"Average of linear quantiles",0.9,10000,2,28,NA,3.64900328611554,-6.39957494560354,-0.568436207633331,0.434999999999999
"Average of linear quantiles",0.9,10000,2,280,NA,2.39436617661269,-3.89186504805861,0.408538706485624,0.394000000000002
"Average of linear quantiles",0.9,10000,2,281,NA,5.3053398025048,1.85957668656121,-1.90364961191377,0.41
"Average of linear quantiles",0.9,10000,2,282,NA,4.12870498605092,-1.26193943094731,-1.85356408179705,0.403
"Average of linear quantiles",0.9,10000,2,283,NA,2.9876931215022,0.630835858071245,-2.20027614790016,0.416
"Average of linear quantiles",0.9,10000,2,284,NA,2.15742221278125,-2.74372691567638,-2.87159437199757,0.372999999999999
"Average of linear quantiles",0.9,10000,2,285,NA,2.85074206484676,0.288144390239992,-1.83814214270829,0.451999999999998
"Average of linear quantiles",0.9,10000,2,286,NA,2.1904922849358,0.0858589572632003,0.806317183982931,0.473000000000003
"Average of linear quantiles",0.9,10000,2,287,NA,1.74614489702625,-0.816694805572598,-2.4085622286687,0.417000000000002
"Average of linear quantiles",0.9,10000,2,288,NA,4.52368354982783,-5.52056839592364,-2.37536702808796,0.398
"Average of linear quantiles",0.9,10000,2,289,NA,3.27469657983393,-0.317801339024718,-0.319418209421972,0.429
"Average of linear quantiles",0.9,10000,2,29,NA,3.04291730864178,-1.71268586748909,-0.789641120702812,0.428999999999998
"Average of linear quantiles",0.9,10000,2,290,NA,4.20789415475622,-1.08534528655714,2.14804239276206,0.437000000000001
"Average of linear quantiles",0.9,10000,2,291,NA,2.15044982073653,-4.19128181251269,1.76857187755496,0.429
"Average of linear quantiles",0.9,10000,2,292,NA,4.97187783211352,-2.78161629136512,-1.25391916281524,0.424000000000001
"Average of linear quantiles",0.9,10000,2,293,NA,2.91950966838943,-0.531340188614302,2.05004632723472,0.41
"Average of linear quantiles",0.9,10000,2,294,NA,2.92523598618668,-1.18027536006169,0.297202979768996,0.429
"Average of linear quantiles",0.9,10000,2,295,NA,3.50651763406943,-0.309838892622714,-6.49591723248032,0.428999999999998
"Average of linear quantiles",0.9,10000,2,296,NA,2.36208692273126,-3.95407248068147,-1.9196824930574,0.446999999999999
"Average of linear quantiles",0.9,10000,2,297,NA,4.37592136275609,-2.06608923726358,-2.11540259532578,0.414
"Average of linear quantiles",0.9,10000,2,298,NA,3.26792150883943,-3.58753265466895,-3.83431640854698,0.433
"Average of linear quantiles",0.9,10000,2,299,NA,2.48628756104644,0.779645322717326,0.222762082332732,0.404
"Average of linear quantiles",0.9,10000,2,3,NA,2.53133662100257,-4.50754781482939,1.16373240102982,0.423999999999999
"Average of linear quantiles",0.9,10000,2,30,NA,3.60497366426583,-2.79598248545049,-2.05428573063583,0.419
"Average of linear quantiles",0.9,10000,2,300,NA,1.33683759619036,-2.40165141937719,-0.916726292055771,0.398
"Average of linear quantiles",0.9,10000,2,301,NA,4.80814224440711,-5.46027050748928,-3.82226238128191,0.44
"Average of linear quantiles",0.9,10000,2,302,NA,1.81055401263858,-3.08112694548034,0.779973926917437,0.442
"Average of linear quantiles",0.9,10000,2,303,NA,2.75534281599834,-1.47758009364686,1.78551017214212,0.424999999999997
"Average of linear quantiles",0.9,10000,2,304,NA,3.031136391383,-0.362993682203684,-0.434985646792269,0.444000000000003
"Average of linear quantiles",0.9,10000,2,305,NA,4.47815745014904,-3.61713267216764,-2.09873108481543,0.406000000000002
"Average of linear quantiles",0.9,10000,2,306,NA,0.996699083033974,-1.21367456280195,-3.06226706699079,0.396000000000001
"Average of linear quantiles",0.9,10000,2,307,NA,2.95181372100896,-2.27241828811258,0.627512100485039,0.470000000000001
"Average of linear quantiles",0.9,10000,2,308,NA,4.12385990289853,-2.71121279074477,-2.46286580704393,0.443000000000001
"Average of linear quantiles",0.9,10000,2,309,NA,3.12817167244423,-4.16754694290743,-2.32979420359584,0.443999999999999
"Average of linear quantiles",0.9,10000,2,31,NA,4.48146095224733,0.828828457163991,-0.912794258628825,0.458999999999998
"Average of linear quantiles",0.9,10000,2,310,NA,2.59793004708409,-1.35324024925489,-3.12463771386664,0.44
"Average of linear quantiles",0.9,10000,2,311,NA,2.82196544694435,-1.16495821324555,2.26194312204103,0.456
"Average of linear quantiles",0.9,10000,2,312,NA,1.34619848166115,-1.51101937199271,-1.03312832846749,0.353
"Average of linear quantiles",0.9,10000,2,313,NA,3.46236115116664,-5.86626957396647,0.36984487095014,0.383000000000001
"Average of linear quantiles",0.9,10000,2,314,NA,2.44509066577554,3.0300731615936,-1.3358440871672,0.438000000000001
"Average of linear quantiles",0.9,10000,2,315,NA,4.02044612230452,-1.9771432437514,-2.76355718223712,0.373999999999999
"Average of linear quantiles",0.9,10000,2,316,NA,3.22833085397083,-2.43071609596562,-3.64181586643563,0.379
"Average of linear quantiles",0.9,10000,2,317,NA,5.35307230067912,-2.18659036544852,-1.80675950035961,0.391999999999999
"Average of linear quantiles",0.9,10000,2,318,NA,4.80989800460108,0.634465286938804,-1.53800140317417,0.396000000000001
"Average of linear quantiles",0.9,10000,2,319,NA,3.41295567411332,-1.95123417847226,1.22135111559245,0.369
"Average of linear quantiles",0.9,10000,2,32,NA,4.39928058866963,-2.19786417719218,-0.675445596121152,0.396999999999998
"Average of linear quantiles",0.9,10000,2,320,NA,4.09483165220158,0.335610413282595,-0.983514011734056,0.315
"Average of linear quantiles",0.9,10000,2,321,NA,2.0419408845351,1.48686251421272,-1.46497162405093,0.450999999999999
"Average of linear quantiles",0.9,10000,2,322,NA,4.62067425728198,-1.94014555418067,-1.98570486959919,0.445999999999998
"Average of linear quantiles",0.9,10000,2,323,NA,2.44169704259529,-0.324028967806923,-1.95566841371945,0.404
"Average of linear quantiles",0.9,10000,2,324,NA,4.22831662270253,-0.790648586701546,-0.547992053206169,0.423999999999999
"Average of linear quantiles",0.9,10000,2,325,NA,2.67623122561687,-1.49153404016101,-1.31364770999206,0.411999999999999
"Average of linear quantiles",0.9,10000,2,326,NA,2.61524242444804,-1.65458273721115,-1.68005441284987,0.332000000000001
"Average of linear quantiles",0.9,10000,2,327,NA,4.07614114765704,-0.625867237329724,-2.72191548350765,0.402000000000001
"Average of linear quantiles",0.9,10000,2,328,NA,4.06021017357746,1.95810844800526,0.986143422526333,0.404
"Average of linear quantiles",0.9,10000,2,329,NA,1.57579195108638,-0.402194244524759,-1.17688654259917,0.432
"Average of linear quantiles",0.9,10000,2,33,NA,3.17867159742971,0.676425337891196,-1.68634164813592,0.423000000000002
"Average of linear quantiles",0.9,10000,2,330,NA,3.1278939002515,-3.0581699604116,-3.23059411005831,0.401
"Average of linear quantiles",0.9,10000,2,331,NA,2.95979839550619,-1.29121030173039,-2.30269591247866,0.440000000000001
"Average of linear quantiles",0.9,10000,2,332,NA,4.03750041365875,-0.887297299730805,-1.69659063259425,0.428000000000001
"Average of linear quantiles",0.9,10000,2,333,NA,5.21879735125385,-1.52438696991648,-2.27536670356437,0.409000000000001
"Average of linear quantiles",0.9,10000,2,334,NA,1.44112180691051,-2.96096831872679,-4.90335499394978,0.433
"Average of linear quantiles",0.9,10000,2,335,NA,3.31709926401759,-3.55614418651228,-1.15225618075432,0.461
"Average of linear quantiles",0.9,10000,2,336,NA,5.41941873052319,0.689290699849055,0.286291750827922,0.417999999999999
"Average of linear quantiles",0.9,10000,2,337,NA,2.68139342942936,0.478978068123535,-5.40020879881644,0.404999999999998
"Average of linear quantiles",0.9,10000,2,338,NA,2.37780163811159,-0.232674509207222,-3.54211840195563,0.385999999999999
"Average of linear quantiles",0.9,10000,2,339,NA,4.72371674261854,0.460154489594421,1.18722059739006,0.425999999999998
"Average of linear quantiles",0.9,10000,2,34,NA,2.01075787041229,-4.4831312934005,2.64612908340888,0.426
"Average of linear quantiles",0.9,10000,2,340,NA,2.832650525952,0.810067693421746,-0.963362720479338,0.426
"Average of linear quantiles",0.9,10000,2,341,NA,3.75048466894895,-3.863896683258,-2.45233662850545,0.384
"Average of linear quantiles",0.9,10000,2,342,NA,4.11335976947886,-0.986238574772616,-1.69987901014945,0.413
"Average of linear quantiles",0.9,10000,2,343,NA,6.04866213351389,-0.871024105926913,-2.70443529391256,0.417
"Average of linear quantiles",0.9,10000,2,344,NA,2.81233277950351,-2.88336358800302,1.29892577532728,0.404
"Average of linear quantiles",0.9,10000,2,345,NA,4.25508323778543,-4.3376785160322,-3.09314728944197,0.385999999999999
"Average of linear quantiles",0.9,10000,2,346,NA,4.41892327870242,-5.11426389788432,1.38975946643529,0.481
"Average of linear quantiles",0.9,10000,2,347,NA,1.62539897891069,-3.71735265738972,-4.93966230056557,0.418000000000003
"Average of linear quantiles",0.9,10000,2,348,NA,3.10646910289349,-0.760857848573984,-1.19819480555045,0.513999999999999
"Average of linear quantiles",0.9,10000,2,349,NA,2.79931391121021,-3.66625472351609,1.94103301362875,0.420999999999999
"Average of linear quantiles",0.9,10000,2,35,NA,3.16510389021438,-4.04734972708441,-1.5695789264155,0.339
"Average of linear quantiles",0.9,10000,2,350,NA,2.67333247713587,-1.18366483784487,-1.79523798004254,0.429
"Average of linear quantiles",0.9,10000,2,351,NA,3.96581401786364,-2.24234023021386,-0.638802745078565,0.471
"Average of linear quantiles",0.9,10000,2,352,NA,1.97913052727417,-3.01280372906035,-0.270514463968244,0.405000000000001
"Average of linear quantiles",0.9,10000,2,353,NA,2.1763595965656,-1.13188137286796,-1.13740362205054,0.431999999999999
"Average of linear quantiles",0.9,10000,2,354,NA,1.91362279766024,0.0577515618727142,-0.224890579895891,0.425999999999998
"Average of linear quantiles",0.9,10000,2,355,NA,4.30332088383351,-3.51444043366001,-4.55279291118397,0.398
"Average of linear quantiles",0.9,10000,2,356,NA,4.75742468123202,-0.666546554720438,-1.01089833838107,0.42
"Average of linear quantiles",0.9,10000,2,357,NA,1.83470957456971,-2.81969868013742,-0.402739029309613,0.399000000000001
"Average of linear quantiles",0.9,10000,2,358,NA,3.08257585275263,0.247278156246217,-2.54415842309589,0.389999999999999
"Average of linear quantiles",0.9,10000,2,359,NA,4.16216835322333,-4.66133655142188,-0.557760693507132,0.471
"Average of linear quantiles",0.9,10000,2,36,NA,3.0258239434847,3.27776020942028,-3.88367666222294,0.621000000000002
"Average of linear quantiles",0.9,10000,2,360,NA,2.35611275758399,-1.79825833318526,-0.720921542176966,0.456
"Average of linear quantiles",0.9,10000,2,361,NA,4.92928276777712,-3.77871246386534,-1.65677697852208,0.440999999999999
"Average of linear quantiles",0.9,10000,2,362,NA,2.3781088514787,1.98781439387021,1.04849063881716,0.501999999999999
"Average of linear quantiles",0.9,10000,2,363,NA,3.25487709704293,-1.6621305929698,-1.95632227804177,0.438000000000002
"Average of linear quantiles",0.9,10000,2,364,NA,2.30908478434292,-1.98009304446366,-2.15909358594944,0.428000000000001
"Average of linear quantiles",0.9,10000,2,365,NA,3.63278671299135,1.26302161357126,1.55044945656902,0.439000000000002
"Average of linear quantiles",0.9,10000,2,366,NA,4.31563816403464,-3.75312745616263,-0.451892723381936,0.462
"Average of linear quantiles",0.9,10000,2,367,NA,3.96292940769591,-2.67436744087547,-3.56000649119187,0.377999999999998
"Average of linear quantiles",0.9,10000,2,368,NA,3.60892996167862,-1.63556732584054,1.6981310112492,0.383999999999999
"Average of linear quantiles",0.9,10000,2,369,NA,2.58732460461271,1.09653516389481,-0.523653136726674,0.439
"Average of linear quantiles",0.9,10000,2,37,NA,1.85018667678628,-1.46572635895585,-2.23584733316801,0.463000000000001
"Average of linear quantiles",0.9,10000,2,370,NA,1.10193289443429,-3.44274550160142,-3.3238166373079,0.454000000000001
"Average of linear quantiles",0.9,10000,2,371,NA,2.5845561253325,-3.08731843863711,-1.440139038217,0.412000000000001
"Average of linear quantiles",0.9,10000,2,372,NA,1.99787725444031,-2.63041415703751,-1.52859295928464,0.452000000000002
"Average of linear quantiles",0.9,10000,2,373,NA,2.85046852378498,-3.03528405428872,-1.01788811229158,0.452999999999999
"Average of linear quantiles",0.9,10000,2,374,NA,2.77938415202548,-0.911124188847838,-2.14415757460738,0.434999999999999
"Average of linear quantiles",0.9,10000,2,375,NA,1.51555601226189,-4.06267865816903,-0.433965878095451,0.382999999999999
"Average of linear quantiles",0.9,10000,2,376,NA,3.20030071331651,-4.68778944665354,-1.56407063130166,0.405000000000001
"Average of linear quantiles",0.9,10000,2,377,NA,3.82726436785024,3.41098877149798,-2.19824194116211,0.406000000000001
"Average of linear quantiles",0.9,10000,2,378,NA,0.676508915409254,-2.35834269398097,-1.37382791574891,0.523999999999997
"Average of linear quantiles",0.9,10000,2,379,NA,2.10647322749595,-4.67515682994412,-2.42966617833158,0.408999999999999
"Average of linear quantiles",0.9,10000,2,38,NA,3.26650098807176,-0.301176895619206,0.0932389649266017,0.431000000000001
"Average of linear quantiles",0.9,10000,2,380,NA,3.20481528967577,-1.16943217376818,1.34988859809627,0.413
"Average of linear quantiles",0.9,10000,2,381,NA,3.61797383276094,1.31360466729272,0.283698099142957,0.447999999999997
"Average of linear quantiles",0.9,10000,2,382,NA,4.02619024373527,0.843000227437581,-3.40949405910428,0.401
"Average of linear quantiles",0.9,10000,2,383,NA,3.67021996225834,-4.60400370398383,0.00618612748492886,0.459999999999997
"Average of linear quantiles",0.9,10000,2,384,NA,3.99952532118133,-1.67400433390761,-2.19924027227928,0.411
"Average of linear quantiles",0.9,10000,2,385,NA,2.77268101977032,-0.44293440854607,0.158322356448039,0.427999999999999
"Average of linear quantiles",0.9,10000,2,386,NA,3.71527466086483,-0.744663427166868,0.067408764759072,0.416
"Average of linear quantiles",0.9,10000,2,387,NA,3.89968082243178,-3.63497857332972,-1.94856558308295,0.395
"Average of linear quantiles",0.9,10000,2,388,NA,4.86400716200447,-0.279509586119335,-0.505923149200322,0.412000000000001
"Average of linear quantiles",0.9,10000,2,389,NA,2.47943652174838,-2.23183442469043,-2.08668248861219,0.424000000000001
"Average of linear quantiles",0.9,10000,2,39,NA,1.76840119300259,-6.62898606346164,2.7992716858044,0.392999999999999
"Average of linear quantiles",0.9,10000,2,390,NA,4.17803171209245,-4.06680816238103,-3.55349885330419,0.476999999999999
"Average of linear quantiles",0.9,10000,2,391,NA,1.80598080067395,-1.24422448502369,-0.393377590661308,0.465999999999999
"Average of linear quantiles",0.9,10000,2,392,NA,2.21229812513333,-0.749874631853402,-1.78413150485373,0.447000000000001
"Average of linear quantiles",0.9,10000,2,393,NA,4.64320211490838,1.98215832863353,-4.5632807846702,0.474
"Average of linear quantiles",0.9,10000,2,394,NA,3.51331072563245,-5.83803371964334,-2.05449294361788,0.414
"Average of linear quantiles",0.9,10000,2,395,NA,2.06688637676076,-3.16864119212996,-0.353915291949185,0.421000000000001
"Average of linear quantiles",0.9,10000,2,396,NA,2.95605352087966,-1.76115154431374,-4.38984707783818,0.417
"Average of linear quantiles",0.9,10000,2,397,NA,2.21802021024993,-2.40220768675726,0.334877138727523,0.420999999999999
"Average of linear quantiles",0.9,10000,2,398,NA,2.13601943231826,-3.46883495685789,-0.295932300218225,0.441000000000001
"Average of linear quantiles",0.9,10000,2,399,NA,3.05665836287392,-3.27422257546172,-2.05022627062053,0.401
"Average of linear quantiles",0.9,10000,2,4,NA,3.56301233837328,-1.01075028902966,-1.04057283990858,0.414000000000001
"Average of linear quantiles",0.9,10000,2,40,NA,2.14754254218775,1.25202665978036,-4.22096391780664,0.397
"Average of linear quantiles",0.9,10000,2,400,NA,1.91794420891307,-5.85106051604183,-3.18759903563981,0.423000000000002
"Average of linear quantiles",0.9,10000,2,401,NA,3.303784833852,-5.45555145004803,-1.55094510245417,0.433999999999997
"Average of linear quantiles",0.9,10000,2,402,NA,4.25369336627372,-4.6428861966427,-2.35410967778658,0.414000000000001
"Average of linear quantiles",0.9,10000,2,403,NA,1.86506406529327,0.43326413310366,0.284953178811108,0.464000000000002
"Average of linear quantiles",0.9,10000,2,404,NA,1.92497116847672,-2.41390910960235,-1.77655559269417,0.468
"Average of linear quantiles",0.9,10000,2,405,NA,1.38785826853521,-3.87636017387193,-1.50403294671858,0.441000000000001
"Average of linear quantiles",0.9,10000,2,406,NA,2.55751348816072,-2.97339269856452,-0.823605861068733,0.395
"Average of linear quantiles",0.9,10000,2,407,NA,2.19937673015099,-1.21714814720539,0.246307779455897,0.434999999999999
"Average of linear quantiles",0.9,10000,2,408,NA,4.92731492294469,-2.04139280410111,0.0327302287526003,0.407999999999999
"Average of linear quantiles",0.9,10000,2,409,NA,3.53074085114969,-5.04405806230174,-1.6432716275924,0.391
"Average of linear quantiles",0.9,10000,2,41,NA,2.68448148602864,-6.9994348149204,0.94918657818357,0.390000000000001
"Average of linear quantiles",0.9,10000,2,410,NA,1.57675690695968,-3.44646215335725,-3.58925732434123,0.455
"Average of linear quantiles",0.9,10000,2,411,NA,1.72192507817518,3.82454650632802,0.998859887718588,0.48
"Average of linear quantiles",0.9,10000,2,412,NA,2.74764635910405,-0.279734661614446,-1.1953228340582,0.567
"Average of linear quantiles",0.9,10000,2,413,NA,2.43629348831525,-4.81834429534771,-1.01446535565451,0.446
"Average of linear quantiles",0.9,10000,2,414,NA,3.76520119931953,-0.0819782066404522,0.914738863839453,0.449999999999999
"Average of linear quantiles",0.9,10000,2,415,NA,2.42549471428368,-2.31528742193791,-0.251888960047775,0.407
"Average of linear quantiles",0.9,10000,2,416,NA,3.47153931686231,-3.52098828454002,1.25510479663401,0.402000000000001
"Average of linear quantiles",0.9,10000,2,417,NA,2.29287916758913,0.169224095759743,-3.92924155630557,0.416
"Average of linear quantiles",0.9,10000,2,418,NA,3.07808749744,-0.837000355381904,-0.641660749815119,0.441999999999998
"Average of linear quantiles",0.9,10000,2,419,NA,1.88342079441291,-3.5331860661011,0.889640329205504,0.395000000000001
"Average of linear quantiles",0.9,10000,2,42,NA,4.66372025444717,0.570713216397214,-1.62545032179934,0.396000000000001
"Average of linear quantiles",0.9,10000,2,420,NA,4.39994798672436,-0.837381075641208,-2.84425373764789,0.411999999999999
"Average of linear quantiles",0.9,10000,2,421,NA,4.53575688632771,-3.69461913647953,-2.63563578137019,0.433
"Average of linear quantiles",0.9,10000,2,422,NA,3.32078171535185,-1.00873856291863,-1.69090271211445,0.446999999999999
"Average of linear quantiles",0.9,10000,2,423,NA,3.78205670414426,-1.87179732229243,-1.29627757816953,0.401
"Average of linear quantiles",0.9,10000,2,424,NA,3.86303603819544,-0.60228696901163,-3.62143462507523,0.438000000000001
"Average of linear quantiles",0.9,10000,2,425,NA,3.08112752585777,-3.19441986895478,-3.25860482025893,0.411
"Average of linear quantiles",0.9,10000,2,426,NA,2.07812343214565,-0.931307667921899,-1.45691144510264,0.422000000000001
"Average of linear quantiles",0.9,10000,2,427,NA,1.8677621731821,-1.40151282247788,-1.07563873035555,0.478000000000002
"Average of linear quantiles",0.9,10000,2,428,NA,2.10424279465291,-0.839173224005895,-0.19882593672062,0.409000000000002
"Average of linear quantiles",0.9,10000,2,429,NA,3.69019998875442,0.215497590467495,-0.549572164685893,0.484999999999999
"Average of linear quantiles",0.9,10000,2,43,NA,4.622019041087,-2.56237435446063,-3.33374913100245,0.409000000000002
"Average of linear quantiles",0.9,10000,2,430,NA,3.82029737328355,-4.60572750319415,-0.693640429499352,0.474
"Average of linear quantiles",0.9,10000,2,431,NA,4.03187261389452,-3.90848614939278,-3.22285491249993,0.388000000000002
"Average of linear quantiles",0.9,10000,2,432,NA,1.31492537411917,-4.59011938677119,-2.86451748387036,0.414
"Average of linear quantiles",0.9,10000,2,433,NA,2.20877717277383,-2.5025264432196,0.304227331725808,0.401
"Average of linear quantiles",0.9,10000,2,434,NA,2.12693733592113,-4.34467694906455,-1.69660247363219,0.432
"Average of linear quantiles",0.9,10000,2,435,NA,3.30224133723045,0.421193448053549,-2.31298568024381,0.399999999999999
"Average of linear quantiles",0.9,10000,2,436,NA,3.69507029050622,-1.16830318349059,-1.62287098070938,0.416
"Average of linear quantiles",0.9,10000,2,437,NA,3.82240220743611,0.247264431293823,-0.475968551216494,0.449
"Average of linear quantiles",0.9,10000,2,438,NA,1.32265701231919,0.77387424601801,-2.76706448074863,0.450999999999999
"Average of linear quantiles",0.9,10000,2,439,NA,3.55446813226339,-1.22985895430913,-2.30323288917369,0.399000000000001
"Average of linear quantiles",0.9,10000,2,44,NA,4.16639594681444,-4.16459349787201,-4.02784918171671,0.443999999999999
"Average of linear quantiles",0.9,10000,2,440,NA,2.5055883105636,-1.46780097086169,-0.80138554903563,0.524999999999999
"Average of linear quantiles",0.9,10000,2,441,NA,2.17041183384442,-4.20889211129366,3.04310878704685,0.448999999999998
"Average of linear quantiles",0.9,10000,2,442,NA,2.60738990396185,-1.40514003354213,-2.33099404361525,0.443000000000001
"Average of linear quantiles",0.9,10000,2,443,NA,2.53301797750579,-3.55412967308459,-5.16258914752185,0.401
"Average of linear quantiles",0.9,10000,2,444,NA,3.25377412926328,-4.51788415633967,-0.656077709853538,0.356
"Average of linear quantiles",0.9,10000,2,445,NA,3.12398817301332,-0.663059672964837,-0.980711405718824,0.392999999999999
"Average of linear quantiles",0.9,10000,2,446,NA,2.36937180768346,-3.93034801933679,-1.90523337317582,0.398
"Average of linear quantiles",0.9,10000,2,447,NA,2.28489482524069,-1.48063371402966,-0.0478593180626694,0.382000000000001
"Average of linear quantiles",0.9,10000,2,448,NA,3.16166637016348,-1.88072815754144,-2.45034636800958,0.464000000000002
"Average of linear quantiles",0.9,10000,2,449,NA,2.48351281338022,2.18969698302288,-2.44187437628844,0.453000000000003
"Average of linear quantiles",0.9,10000,2,45,NA,3.14272074173008,-2.18308068298966,-4.07406593027751,0.391
"Average of linear quantiles",0.9,10000,2,450,NA,5.28836024639515,-3.74057555886265,-2.38468415415969,0.497
"Average of linear quantiles",0.9,10000,2,451,NA,2.90086108342742,0.237014963877477,-1.24712211883685,0.441999999999998
"Average of linear quantiles",0.9,10000,2,452,NA,2.53418095122807,-0.212319408619148,-2.80938435627645,0.442
"Average of linear quantiles",0.9,10000,2,453,NA,3.64889842145551,-2.41119892559094,-0.802506531571833,0.447999999999999
"Average of linear quantiles",0.9,10000,2,454,NA,3.54679294892039,-3.65799440954074,-1.6170108824299,0.443
"Average of linear quantiles",0.9,10000,2,455,NA,2.40034776521327,-2.81210586880103,-4.22140415128372,0.467000000000002
"Average of linear quantiles",0.9,10000,2,456,NA,2.39522680368633,-5.19516896717114,-1.43138322680735,0.442999999999998
"Average of linear quantiles",0.9,10000,2,457,NA,3.426865081468,-0.0691628400528632,-2.29958520541547,0.414000000000001
"Average of linear quantiles",0.9,10000,2,458,NA,4.01061028725568,-3.03257709405467,-3.02250425217323,0.422999999999998
"Average of linear quantiles",0.9,10000,2,459,NA,3.14189293090936,-3.0076915659011,-1.95734288181317,0.440999999999999
"Average of linear quantiles",0.9,10000,2,46,NA,2.64709353736804,1.15686240528069,-2.31156696438779,0.430000000000001
"Average of linear quantiles",0.9,10000,2,460,NA,3.58417321671329,-1.16573609037683,-4.78402162638659,0.43
"Average of linear quantiles",0.9,10000,2,461,NA,2.61922911600698,0.36933118682636,-1.07965756234295,0.430999999999999
"Average of linear quantiles",0.9,10000,2,462,NA,3.63721941876672,-3.74225492768184,-2.04753949507309,0.404
"Average of linear quantiles",0.9,10000,2,463,NA,1.78348057571476,-2.7319936853853,-1.36090786439648,0.417
"Average of linear quantiles",0.9,10000,2,464,NA,2.81605559253683,-0.273784114782345,-2.67980194459005,0.414
"Average of linear quantiles",0.9,10000,2,465,NA,1.77396571914647,-3.76416523225635,-0.598335669822409,0.395
"Average of linear quantiles",0.9,10000,2,466,NA,4.70381888797098,-4.07486020338104,-1.21562839269471,0.44
"Average of linear quantiles",0.9,10000,2,467,NA,3.94368246164334,-2.4591806451469,-1.42494782893078,0.461
"Average of linear quantiles",0.9,10000,2,468,NA,1.39136962582572,-1.01103769295084,-0.781485932114093,0.42
"Average of linear quantiles",0.9,10000,2,469,NA,2.36474453106893,-0.808552597807533,-0.00554712896654985,0.456
"Average of linear quantiles",0.9,10000,2,47,NA,4.51171416917818,1.24348406152483,-1.33462821596413,0.409000000000002
"Average of linear quantiles",0.9,10000,2,470,NA,2.68877217123071,1.04626724829917,-1.67587106699245,0.401
"Average of linear quantiles",0.9,10000,2,471,NA,2.724171025075,-2.71548473858303,-0.877874271249973,0.458000000000002
"Average of linear quantiles",0.9,10000,2,472,NA,4.18968412316322,-3.64766274967176,0.454274083154123,0.43
"Average of linear quantiles",0.9,10000,2,473,NA,3.40497220207126,-3.00711807336969,-4.59219039533582,0.431999999999999
"Average of linear quantiles",0.9,10000,2,474,NA,1.66003825899436,-2.21625941532142,0.706012700080441,0.412000000000001
"Average of linear quantiles",0.9,10000,2,475,NA,3.64502155228184,0.634588228044586,-5.47183152452928,0.438000000000001
"Average of linear quantiles",0.9,10000,2,476,NA,3.83219785219423,0.747963699990716,-1.95158928543103,0.457000000000001
"Average of linear quantiles",0.9,10000,2,477,NA,2.27978730830669,3.00874838643499,-1.89457986441704,0.448
"Average of linear quantiles",0.9,10000,2,478,NA,2.30344626803349,1.57870068397949,-3.04092779150183,0.386000000000001
"Average of linear quantiles",0.9,10000,2,479,NA,3.61618463564319,-1.96237901235946,-3.19776136993544,0.393000000000001
"Average of linear quantiles",0.9,10000,2,48,NA,3.3979082697274,-5.14403709662113,-1.69721865883937,0.391999999999999
"Average of linear quantiles",0.9,10000,2,480,NA,3.11080330151652,-1.22274985775389,-4.21473280157376,0.404999999999999
"Average of linear quantiles",0.9,10000,2,481,NA,2.71613515555643,-4.75187273692973,-2.54382145709121,0.434000000000001
"Average of linear quantiles",0.9,10000,2,482,NA,4.64551917549625,0.661033601919064,-3.12423115392027,0.429000000000002
"Average of linear quantiles",0.9,10000,2,483,NA,5.95729162779326,-3.9296370914786,-1.75586009960575,0.466999999999999
"Average of linear quantiles",0.9,10000,2,484,NA,2.92205645801647,-3.14441493652194,-2.7687431819815,0.450000000000001
"Average of linear quantiles",0.9,10000,2,485,NA,4.49629517477312,3.61320690536612,-1.37764325638645,0.481
"Average of linear quantiles",0.9,10000,2,486,NA,3.42752801010081,-2.63745070021204,-3.34976259743825,0.423
"Average of linear quantiles",0.9,10000,2,487,NA,4.29790148166289,-4.88534014343208,-0.986152517119986,0.398
"Average of linear quantiles",0.9,10000,2,488,NA,3.15308349533553,0.0988023609509621,0.210126285118326,0.461
"Average of linear quantiles",0.9,10000,2,489,NA,0.419010579943324,-2.2692466502309,0.766205643621891,0.419
"Average of linear quantiles",0.9,10000,2,49,NA,3.01722768607144,-2.3705566764755,-2.80872900976801,0.455
"Average of linear quantiles",0.9,10000,2,490,NA,4.25957989223236,-5.17797271436183,-0.668180121330593,0.394
"Average of linear quantiles",0.9,10000,2,491,NA,4.02289303192939,1.63772282489984,0.86436838534686,0.41
"Average of linear quantiles",0.9,10000,2,492,NA,3.25476630047564,0.472935364286117,-0.657374265196125,0.433999999999999
"Average of linear quantiles",0.9,10000,2,493,NA,2.81069834450213,0.548178409604918,-3.45619105837738,0.461
"Average of linear quantiles",0.9,10000,2,494,NA,2.25826329914591,-2.75661920449658,1.68801999624727,0.581999999999997
"Average of linear quantiles",0.9,10000,2,495,NA,3.75624495501484,-2.98080817038713,-3.14598419188997,0.414999999999999
"Average of linear quantiles",0.9,10000,2,496,NA,1.82903080650501,-3.22762994996508,-3.19387713564114,0.402999999999999
"Average of linear quantiles",0.9,10000,2,497,NA,3.50948899249853,-5.46351306218883,0.162024756555085,0.43
"Average of linear quantiles",0.9,10000,2,498,NA,4.2170764945713,-1.02788298162194,0.838870864504557,0.444000000000001
"Average of linear quantiles",0.9,10000,2,499,NA,3.44028286181915,-5.51927985178774,-1.029625895881,0.391999999999999
"Average of linear quantiles",0.9,10000,2,5,NA,4.32691600296267,0.945154010142813,-1.34575458510165,0.413999999999998
"Average of linear quantiles",0.9,10000,2,50,NA,2.42076165732979,-1.53608612022742,-2.52004075320973,0.427999999999999
"Average of linear quantiles",0.9,10000,2,500,NA,3.4379570922499,-0.995069704236451,-2.69450823633459,0.451000000000001
"Average of linear quantiles",0.9,10000,2,51,NA,2.38183071503483,-4.2488306395722,-0.385917985907164,0.444000000000001
"Average of linear quantiles",0.9,10000,2,52,NA,3.13924431511859,-1.00116957729416,-4.55809108658585,0.436999999999999
"Average of linear quantiles",0.9,10000,2,53,NA,1.68593573534926,-4.41822451184814,0.503147252581174,0.459999999999999
"Average of linear quantiles",0.9,10000,2,54,NA,1.85852976405683,-5.07570451735701,-0.20364256794572,0.365
"Average of linear quantiles",0.9,10000,2,55,NA,3.35842233609473,-3.99985744883002,-2.77949544212481,0.521999999999998
"Average of linear quantiles",0.9,10000,2,56,NA,2.93181409045178,0.225546411391762,-0.119519953396306,0.418999999999999
"Average of linear quantiles",0.9,10000,2,57,NA,3.09513854841894,-3.43844155751487,0.106420009052377,0.481999999999999
"Average of linear quantiles",0.9,10000,2,58,NA,3.51595604826313,-0.242915026025671,-0.0957579277339868,0.423999999999999
"Average of linear quantiles",0.9,10000,2,59,NA,3.27620515657294,-1.29405709078107,1.57558826085754,0.388999999999999
"Average of linear quantiles",0.9,10000,2,6,NA,2.56531237252843,0.627701351371746,-2.92030795374358,0.422000000000001
"Average of linear quantiles",0.9,10000,2,60,NA,3.15660963610119,0.0968411994481846,-3.36844702887245,0.397
"Average of linear quantiles",0.9,10000,2,61,NA,2.45687549601127,-0.15274377213581,-1.4091620822724,0.423999999999999
"Average of linear quantiles",0.9,10000,2,62,NA,2.25067085132406,0.121553030024798,-0.753908969019171,0.411
"Average of linear quantiles",0.9,10000,2,63,NA,2.56927749804636,-2.08236946326612,-2.50383812176955,0.433999999999999
"Average of linear quantiles",0.9,10000,2,64,NA,1.3521185090948,-0.746526976628782,-0.155762777742824,0.462
"Average of linear quantiles",0.9,10000,2,65,NA,2.15200332506324,-5.12956254545273,-0.684140954720288,0.385999999999999
"Average of linear quantiles",0.9,10000,2,66,NA,2.96957212889241,-4.78192190996425,-1.6608027340295,0.369
"Average of linear quantiles",0.9,10000,2,67,NA,4.48612964246067,-0.660137526683625,-2.05489846576904,0.422000000000001
"Average of linear quantiles",0.9,10000,2,68,NA,2.71674895692202,-2.93676521106735,-5.53453476832422,0.426000000000002
"Average of linear quantiles",0.9,10000,2,69,NA,4.93965370971018,-3.55251737991196,0.362917193439869,0.398
"Average of linear quantiles",0.9,10000,2,7,NA,2.81508946418427,-1.8615356470882,0.428051103640295,0.429000000000002
"Average of linear quantiles",0.9,10000,2,70,NA,3.03242642836678,-1.38165025606574,0.699609420121311,0.420000000000002
"Average of linear quantiles",0.9,10000,2,71,NA,4.02353655632911,-0.625830981223511,-3.93800113401009,0.454000000000001
"Average of linear quantiles",0.9,10000,2,72,NA,3.32729325760113,-1.81837899852161,-0.919470731095769,0.417999999999999
"Average of linear quantiles",0.9,10000,2,73,NA,3.19467366877201,-2.13966556373188,-1.59455163612761,0.392000000000001
"Average of linear quantiles",0.9,10000,2,74,NA,2.77397297649977,-3.82051983125625,-0.497853980878705,0.440999999999999
"Average of linear quantiles",0.9,10000,2,75,NA,4.10170703171385,-0.856358705700657,-1.92654203159629,0.404
"Average of linear quantiles",0.9,10000,2,76,NA,1.82759593688242,0.445068655865543,1.35118342394527,0.465999999999999
"Average of linear quantiles",0.9,10000,2,77,NA,2.41504017082705,-0.00657144697336398,-1.254609231339,0.432
"Average of linear quantiles",0.9,10000,2,78,NA,2.98684299374652,-7.95394646159737,-1.79892164800548,0.391
"Average of linear quantiles",0.9,10000,2,79,NA,1.53773123177524,-1.21677151267274,-2.05638401362185,0.48
"Average of linear quantiles",0.9,10000,2,8,NA,2.73075939805492,1.79534975823789,-1.60853030634566,0.447999999999997
"Average of linear quantiles",0.9,10000,2,80,NA,4.73739608533815,2.17525535835775,-0.53954862797955,0.456000000000003
"Average of linear quantiles",0.9,10000,2,81,NA,2.19594643411296,-2.76909282724665,-1.04660201557727,0.397000000000002
"Average of linear quantiles",0.9,10000,2,82,NA,2.68631724446678,1.72314979797534,1.01727196562708,0.399999999999999
"Average of linear quantiles",0.9,10000,2,83,NA,2.03709222022684,-0.614408916965073,-2.38579434432902,0.462
"Average of linear quantiles",0.9,10000,2,84,NA,2.62948017541694,-1.77517931433053,-1.10175940812774,0.472999999999999
"Average of linear quantiles",0.9,10000,2,85,NA,2.47715810614802,3.39532100587033,-3.39577603254811,0.418000000000001
"Average of linear quantiles",0.9,10000,2,86,NA,3.07649488802026,0.462745844864864,3.15251915034832,0.437000000000001
"Average of linear quantiles",0.9,10000,2,87,NA,1.78166971336103,-0.217590253247194,0.909898927159102,0.402999999999999
"Average of linear quantiles",0.9,10000,2,88,NA,2.0911065872564,-4.46944027833348,-1.95313200260841,0.422000000000001
"Average of linear quantiles",0.9,10000,2,89,NA,3.76884878971271,-3.10412231219367,-3.43931148346573,0.457999999999998
"Average of linear quantiles",0.9,10000,2,9,NA,5.10002795631503,-1.90029999584538,-1.93393501344662,0.468999999999998
"Average of linear quantiles",0.9,10000,2,90,NA,3.00188442967472,-2.05715340877037,-1.04324609498873,0.436
"Average of linear quantiles",0.9,10000,2,91,NA,3.40285761719643,-2.63562918382727,-3.32410603126361,0.422999999999998
"Average of linear quantiles",0.9,10000,2,92,NA,2.78282505172564,-0.54185497331415,1.61211083010416,0.435000000000002
"Average of linear quantiles",0.9,10000,2,93,NA,3.72674873230998,1.11822546449847,-1.43759778872687,0.417
"Average of linear quantiles",0.9,10000,2,94,NA,4.49449561559181,2.54577606369223,-4.24692180148555,0.408999999999999
"Average of linear quantiles",0.9,10000,2,95,NA,2.23470928010086,-1.46122147033022,0.656379891895869,0.440999999999999
"Average of linear quantiles",0.9,10000,2,96,NA,2.35621039833243,-1.94006534892581,0.969182563172581,0.475999999999999
"Average of linear quantiles",0.9,10000,2,97,NA,4.0114287015313,-5.47935739905507,-1.00470533566619,0.401
"Average of linear quantiles",0.9,10000,2,98,NA,2.64152674921199,0.303203535476988,-0.398000397256726,0.425000000000001
"Average of linear quantiles",0.9,10000,2,99,NA,2.99979741672811,-0.981073126213342,1.44933310216704,0.484999999999999
